Trade#,Date,Symbol,Strategy,Leg#,Action,Strike,Type,PositionEffect,Quantity,Price,PlaidID,Match,Fees
1,2025-10-15,AVGO,"AVGO Call Credit Spread",1,sell,375,call,open,1,10.68,inv_1761116098052_stnkqu9jm,YES,0.0000
1,2025-10-15,AVGO,"AVGO Call Credit Spread",2,buy,380,call,open,1,9.23,inv_1761116098214_sstn0gini,YES,0.0000
2,2025-10-07,MU,"MU Put Credit Spread",1,sell,182.5,put,close,1,3.21,inv_1761116099071_3ymewn99g,YES,0.0000
2,2025-10-07,MU,"MU Put Credit Spread",2,buy,185,put,close,1,3.95,inv_1761116099243_ok6cre193,YES,0.0000
3,2025-10-23,LRCX,"LRCX Put Credit Spread",1,sell,141,put,close,1,2.31,inv_1761508182043_b8vro5kq9,YES,0.0000
3,2025-10-23,LRCX,"LRCX Put Credit Spread",2,buy,144,put,close,1,3.26,inv_1761508181500_v5xjwxlhj,YES,0.0000
4,2025-10-07,AMD,"AMD Put Credit Spread",1,sell,185,put,close,1,4.59,inv_1761116099580_v8wf2qf9a,YES,0.0000
4,2025-10-07,AMD,"AMD Put Credit Spread",2,buy,190,put,close,1,6.01,inv_1761116099415_knndu7djh,YES,0.0000
5,2025-10-06,LRCX,"LRCX Put Credit Spread",1,buy,141,put,open,1,4.3,inv_1761116100274_71ruskd9c,YES,0.0000
5,2025-10-06,LRCX,"LRCX Put Credit Spread",2,sell,144,put,open,1,5.35,inv_1761116100089_xsgp0wxyu,YES,0.0000
6,2025-10-06,MU,"MU Put Credit Spread",1,buy,182.5,put,open,1,4.25,inv_1761116100616_8cxzkeyky,YES,0.0000
6,2025-10-06,MU,"MU Put Credit Spread",2,sell,185,put,open,1,5.15,inv_1761116100446_dclvn1snn,YES,0.0000
7,2025-10-06,AMD,"AMD Put Credit Spread",1,buy,185,put,open,1,7.2,inv_1761116099914_zeh6lbxlx,YES,0.0000
7,2025-10-06,AMD,"AMD Put Credit Spread",2,sell,190,put,open,1,9,inv_1761116099744_ed0gkdbgn,YES,0.0000
8,2025-10-01,NKE,"NKE Put Credit Spread",1,sell,66,put,close,2,0.39,inv_1761116101280_yme9ufvtl,YES,0.0000
8,2025-10-01,NKE,"NKE Put Credit Spread",2,buy,67,put,close,2,0.53,inv_1761116101117_uyupp4ryh,YES,0.0000
9,2025-10-01,WDC,"WDC Put Credit Spread",1,sell,104,put,close,1,1.78,inv_1761116101614_dnrqqc8ws,YES,0.0000
9,2025-10-01,WDC,"WDC Put Credit Spread",2,buy,110,put,close,1,3.13,inv_1761116101447_xa8w9m4sh,YES,0.0000
10,2025-09-29,WDC,"WDC Put Credit Spread",1,buy,104,put,open,1,2.72,inv_1761116102283_h1r6z62bi,YES,0.0000
10,2025-09-29,WDC,"WDC Put Credit Spread",2,sell,110,put,open,1,4.22,inv_1761116102117_o39w1wjbv,YES,0.0000
11,2025-09-29,NKE,"NKE Put Credit Spread",1,buy,66,put,open,2,1.67,inv_1761116101950_z00yp0a7g,YES,0.0000
11,2025-09-29,NKE,"NKE Put Credit Spread",2,sell,67,put,open,2,2.03,inv_1761116101779_z6wtrvyav,YES,0.0000
12,2025-10-02,INTC,"INTC Put Credit Spread",1,sell,32,put,close,4,0.78,inv_1761116100951_ws75mzki4,YES,0.0000
12,2025-10-02,INTC,"INTC Put Credit Spread",2,buy,33,put,close,4,1.09,inv_1761116100786_cg42o11ts,YES,0.0000
13,2025-09-26,INTC,"INTC Put Credit Spread",1,buy,32,put,open,4,1.1,inv_1761116103317_lyiqm9zd8,YES,0.0000
13,2025-09-26,INTC,"INTC Put Credit Spread",2,sell,33,put,open,4,1.45,inv_1761116103144_m8okb8n6m,YES,0.0000
14,2025-09-26,INTC,"JPM Call Credit Spread",1,sell,30,put,close,3,0.37,inv_1761116102635_v4up3518w,YES,0.0000
14,2025-09-26,INTC,"JPM Call Credit Spread",2,buy,31.5,put,close,3,0.75,inv_1761116102472_4t3sf56j3,YES,0.0000
15,2025-09-25,INTC,"INTC Put Credit Spread",1,buy,30,put,open,3,0.64,inv_1761116105029_gg36npsxy,YES,0.0000
15,2025-09-25,INTC,"INTC Put Credit Spread",2,sell,31.5,put,open,3,1.1,inv_1761116104832_3fh2teayg,YES,0.0000
16,2025-09-26,INTC,"INTC Put Credit Spread",1,sell,30,put,close,3,0.62,inv_1761116102975_hliduhnnu,YES,0.0000
16,2025-09-26,INTC,"INTC Put Credit Spread",2,buy,31,put,close,3,0.89,inv_1761116102802_i7w3mugks,YES,0.0000
17,2025-09-25,INTC,"INTC Put Credit Spread",1,buy,30,put,open,3,0.9,inv_1761116104492_8ngpajpdp,YES,0.0000
17,2025-09-25,INTC,"INTC Put Credit Spread",2,sell,31,put,open,3,1.22,inv_1761116104666_if3dott14,YES,0.0000
18,2025-09-25,INTC,"INTC Put Credit Spread",1,sell,27.5,put,close,3,0.49,inv_1761116104327_maxouluvy,YES,0.0000
18,2025-09-25,INTC,"INTC Put Credit Spread",2,buy,28.5,put,close,3,0.72,inv_1761116104162_pgg38lku5,YES,0.0000
19,2025-09-24,INTC,"INTC Put Credit Spread",1,buy,27.5,put,open,3,0.62,inv_1761116106368_fpop29b24,YES,0.0000
19,2025-09-24,INTC,"INTC Put Credit Spread",2,sell,28.5,put,open,3,0.88,inv_1761116106200_h237i13lp,YES,0.0000
20,2025-09-24,INTC,"INTC Put Credit Spread",1,sell,27.5,put,close,3,0.53,inv_1761116105863_v6c9hj3xu,YES,0.0000
20,2025-09-24,INTC,"INTC Put Credit Spread",2,buy,28.5,put,close,3,0.8,inv_1761116106031_zgykrrj23,YES,0.0000
21,2025-09-24,INTC,"INTC Put Credit Spread",1,buy,27.5,put,open,3,0.63,inv_1761116105694_51wv41rym,YES,0.0000
21,2025-09-24,INTC,"INTC Put Credit Spread",2,sell,28.5,put,open,3,0.93,inv_1761116105526_cevnxbt96,YES,0.0000
22,2025-09-24,INTC,"INTC Put Credit Spread",1,sell,28.5,put,close,4,0.065,inv_1761116105195_ojv0bekt7,YES,0.0000
22,2025-09-24,INTC,"INTC Put Credit Spread",2,buy,29,put,close,4,0.12,inv_1761116105361_hlfcfeoi9,YES,0.0000
23,2025-09-23,INTC,"INTC Put Credit Spread",1,sell,25.5,put,close,1,0.49,inv_1761116106703_ij3i96ksg,YES,0.0000
23,2025-09-23,INTC,"INTC Put Credit Spread",2,buy,26.5,put,close,1,0.76,inv_1761116106536_daii43ude,YES,0.0000
24,2025-09-22,INTC,"INTC Put Credit Spread",1,buy,25.5,put,open,1,0.63,inv_1761116107379_brmm3vrrw,YES,0.0000
24,2025-09-22,INTC,"INTC Put Credit Spread",2,sell,26.5,put,open,1,0.93,inv_1761116107210_r99j1xku7,YES,0.0000
25,2025-09-23,INTC,"INTC Put Credit Spread",1,sell,28.5,put,close,1,0.17,inv_1761116106870_q2whwd546,YES,0.0000
25,2025-09-23,INTC,"INTC Put Credit Spread",2,buy,29,put,close,1,0.28,inv_1761116107043_yqcbf4liw,YES,0.0000
26,2025-09-18,INTC,"INTC Put Credit Spread",1,buy,28.5,put,open,5,0.39,inv_1761116107730_thy1itel3,YES,0.0000
26,2025-09-18,INTC,"INTC Put Credit Spread",2,sell,29,put,open,5,0.51,inv_1761116107563_q4g1id90k,YES,0.0000
27,2025-09-17,TSLA,"TSLA Put Credit Spread",1,sell,387.5,put,close,1,6.66,inv_1761116108073_omqf5v4c8,YES,0.0000
27,2025-09-17,TSLA,"TSLA Put Credit Spread",2,buy,392.5,put,close,1,7.88,inv_1761116107904_i2qckp7ds,YES,0.0000
28,2025-09-16,TSLA,"TSLA Put Credit Spread",1,buy,387.5,put,open,1,7.6,inv_1761116108751_g0ixyt8p1,YES,0.0000
28,2025-09-16,TSLA,"TSLA Put Credit Spread",2,sell,392.5,put,open,1,8.95,inv_1761116108583_ug88xifbz,YES,0.0000
29,2025-09-16,TSLA,"CAT Call Credit Spread",1,sell,370,put,close,1,12.13,inv_1761116108412_mfabziq3z,YES,0.0000
29,2025-09-16,TSLA,"CAT Call Credit Spread",2,buy,375,put,close,1,13.66,inv_1761116108242_y4lb1g7wa,YES,0.0000
30,2025-09-15,CAT,"CAT Call Credit Spread",1,sell,445,call,open,1,14.1,inv_1761116110113_g1jynat92,YES,0.0000
30,2025-09-15,CAT,"CAT Call Credit Spread",2,buy,450,call,open,1,12.1,inv_1761116109939_fbelqa8h1,YES,0.0000
31,2025-09-15,TSLA,"TSLA Put Credit Spread",1,buy,370,put,open,1,14.81,inv_1761116109768_0v87usobr,YES,0.0000
31,2025-09-15,TSLA,"TSLA Put Credit Spread",2,sell,375,put,open,1,16.51,inv_1761116109602_ygdvsxn4i,YES,0.0000
32,2025-09-15,LIN,"LIN Call Credit Spread",1,buy,500,call,close,1,3.5,inv_1761116109262_gu490yjwk,YES,0.0000
32,2025-09-15,LIN,"LIN Call Credit Spread",2,sell,505,call,close,1,2.53,inv_1761116109434_z27n5fc3i,YES,0.0000
33,2025-09-15,TSLA,"TSLA Put Credit Spread",1,sell,355,put,close,1,3.13,inv_1761116109087_8kl1ijjfq,YES,0.0000
33,2025-09-15,TSLA,"TSLA Put Credit Spread",2,buy,360,put,close,1,3.7,inv_1761116108914_fvw2pw7v2,YES,0.0000
34,2025-09-12,LIN,"TSLA Put Credit Spread",1,sell,500,call,open,1,3.98,inv_1761116110623_t2w7q0epc,YES,0.0000
34,2025-09-12,LIN,"TSLA Put Credit Spread",2,buy,505,call,open,1,2.85,inv_1761116110792_uycrnqb3n,YES,0.0000
35,2025-09-12,TSLA,"TSLA Put Credit Spread",1,buy,355,put,open,1,6.12,inv_1761116110454_y4vl6vf9r,YES,0.0000
35,2025-09-12,TSLA,"TSLA Put Credit Spread",2,sell,360,put,open,1,7.28,inv_1761116110286_13un2k8j9,YES,0.0000
36,2025-09-10,TSLA,"TSLA Put Credit Spread",1,sell,335,put,close,1,15.84,inv_1761116111130_xanffaz22,YES,0.0000
36,2025-09-10,TSLA,"TSLA Put Credit Spread",2,buy,340,put,close,1,17.92,inv_1761116110961_odtnhmgqs,YES,0.0000
37,2025-09-09,AAPL,"TSLA Put Credit Spread",1,buy,237.5,call,close,1,3.51,inv_1761116111302_okdz4ea8n,YES,0.0000
37,2025-09-09,AAPL,"TSLA Put Credit Spread",2,sell,240,call,close,1,2.53,inv_1761116111472_ee4ll92ni,YES,0.0000
38,2025-09-08,TSLA,"TSLA Put Credit Spread",1,buy,335,put,open,1,19.9,inv_1761116112816_o3n6lhnpt,YES,0.0000
38,2025-09-08,TSLA,"TSLA Put Credit Spread",2,sell,340,put,open,1,22.2,inv_1761116112647_4tfnyj5vs,YES,0.0000
39,2025-09-08,AAPL,"AAPL Call Credit Spread",1,sell,237.5,call,open,1,4.66,inv_1761116112312_8hnlff0po,YES,0.0000
39,2025-09-08,AAPL,"AAPL Call Credit Spread",2,buy,240,call,open,1,3.47,inv_1761116112477_5fl4i0iz6,YES,0.0000
40,2025-09-08,AMD,"AMD Call Credit Spread",1,sell,152.5,call,open,1,7.09,inv_1761116111981_363yjj850,YES,0.0000
40,2025-09-08,AMD,"AMD Call Credit Spread",2,buy,155,call,open,1,5.96,inv_1761116112146_47marq9gn,YES,0.0000
41,2025-09-08,JPM,"JPM Call Credit Spread",1,sell,297.5,call,open,1,3.68,inv_1761116111642_40ikepo7h,YES,0.0000
41,2025-09-08,JPM,"JPM Call Credit Spread",2,buy,300,call,open,1,2.77,inv_1761116111811_p7xep9ab8,YES,0.0000
42,2025-09-05,TSLA,"TSLA Put Credit Spread",1,sell,340,put,close,1,16.17,inv_1761116115304_77jg0k4lx,YES,0.0000
42,2025-09-05,TSLA,"TSLA Put Credit Spread",2,buy,345,put,close,1,18.42,inv_1761116115133_n9hw3k5k3,YES,0.0000
43,2025-09-05,JPM,"TSLA Put Credit Spread",1,buy,300,call,close,1,5.34,inv_1761116113658_0knnrc78q,YES,0.0000
43,2025-09-05,JPM,"TSLA Put Credit Spread",2,sell,305,call,close,1,3.36,inv_1761116113831_3do20ftws,YES,0.0000
44,2025-09-05,MSFT,"MSFT Call Credit Spread",1,buy,505,call,close,1,10.48,inv_1761116113320_4bzb20eq8,YES,0.0000
44,2025-09-05,MSFT,"MSFT Call Credit Spread",2,sell,510,call,close,1,8.18,inv_1761116113485_s9fhr79l4,YES,0.0000
45,2025-09-02,MSFT,"MSFT Call Credit Spread",1,sell,505,call,open,1,13.27,inv_1761116116477_oifelnuqb,YES,0.0000
45,2025-09-02,MSFT,"MSFT Call Credit Spread",2,buy,510,call,open,1,10.72,inv_1761116116647_y09hp9gwh,YES,0.0000
46,2025-09-05,UNH,"UNH Put Credit Spread",1,sell,300,put,close,1,7.6,inv_1761116112985_76bhqkg5s,YES,0.0000
46,2025-09-05,UNH,"UNH Put Credit Spread",2,buy,305,put,close,1,9.5,inv_1761116113156_eo3kq4653,YES,0.0000
47,2025-09-02,UNH,"UNH Put Credit Spread",1,buy,300,put,open,1,9.75,inv_1761116116306_kkka045u9,YES,0.0000
47,2025-09-02,UNH,"UNH Put Credit Spread",2,sell,305,put,open,1,11.85,inv_1761116116141_kwoau2tfi,YES,0.0000
48,2025-09-02,AMZN,"TSLA Put Credit Spread",1,buy,230,call,close,1,6,inv_1761116115471_cxsqff4xy,YES,0.0000
48,2025-09-02,AMZN,"TSLA Put Credit Spread",2,sell,235,call,close,1,3.91,inv_1761116115640_ju4ruer7e,YES,0.0000
49,2025-09-02,UNH,"JPM Call Credit Spread",1,sell,302.5,put,close,1,6.27,inv_1761116115972_j470efvhi,YES,0.0000
49,2025-09-02,UNH,"JPM Call Credit Spread",2,buy,305,put,close,1,7.27,inv_1761116115806_7nnvq4k4m,YES,0.0000
50,2025-08-27,AMZN,"UNH Put Credit Spread",1,sell,230,call,open,1,8.42,inv_1761116118176_qpjqfhgz5,YES,0.0000
50,2025-08-27,AMZN,"UNH Put Credit Spread",2,buy,235,call,open,1,6.07,inv_1761116118346_8wmdtrbqm,YES,0.0000
51,2025-08-27,TSLA,"TSLA Put Credit Spread",1,buy,340,put,open,1,19.12,inv_1761116118008_bb83u264r,YES,0.0000
51,2025-08-27,TSLA,"TSLA Put Credit Spread",2,sell,345,put,open,1,21.44,inv_1761116117842_ek5bg970n,YES,0.0000
52,2025-08-27,WMT,"UNH Put Credit Spread",1,sell,97.5,call,open,1,2.14,inv_1761116117502_sf6iqo0bf,YES,0.0000
52,2025-08-27,WMT,"UNH Put Credit Spread",2,buy,100,call,open,1,1.26,inv_1761116117670_vaor1nhwe,YES,0.0000
53,2025-08-26,UNH,"JPM Call Credit Spread",1,buy,302.5,put,open,1,8.68,inv_1761116119686_gpmpzi5iq,YES,0.0000
53,2025-08-26,UNH,"JPM Call Credit Spread",2,sell,305,put,open,1,9.78,inv_1761116119518_9ud8uvybv,YES,0.0000
54,2025-08-26,AMZN,"JPM Call Credit Spread",1,buy,230,call,close,1,4.82,inv_1761116119349_viohsfqm3,YES,0.0000
54,2025-08-26,AMZN,"JPM Call Credit Spread",2,sell,232.5,call,close,1,3.72,inv_1761116119178_y4mq45625,YES,0.0000
55,2025-08-26,JPM,"JPM Call Credit Spread",1,sell,300,call,open,1,6.75,inv_1761116118848_ws7dbyaew,YES,0.0000
55,2025-08-26,JPM,"JPM Call Credit Spread",2,buy,305,call,open,1,4.65,inv_1761116119012_wp1d18sdl,YES,0.0000
56,2025-08-26,TSLA,"TSLA Put Credit Spread",1,sell,342.5,put,close,2,9.99,inv_1761116120029_n6ezoq2oy,YES,0.0000
56,2025-08-26,TSLA,"TSLA Put Credit Spread",2,buy,345,put,close,2,11.11,inv_1761116119857_5us8j35vw,YES,0.0000
57,2025-08-26,JPM,"AMZN Call Credit Spread",1,buy,300,call,close,1,4.03,inv_1761116118678_m9c8d7p4i,YES,0.0000
57,2025-08-26,JPM,"AMZN Call Credit Spread",2,sell,302.5,call,close,1,3.1,inv_1761116118510_i0ypt7uxm,YES,0.0000
58,2025-08-25,JPM,"JPM Call Credit Spread",1,sell,300,call,open,1,4.6,inv_1761116120914_rl2knq1le,YES,0.0000
58,2025-08-25,JPM,"JPM Call Credit Spread",2,buy,302.5,call,open,1,3.6,inv_1761116121105_k3se4iem6,YES,0.0000
59,2025-08-25,TSLA,"TSLA Put Credit Spread",1,buy,342.5,put,open,2,11.35,inv_1761116120742_zfwsm9bcq,YES,0.0000
59,2025-08-25,TSLA,"TSLA Put Credit Spread",2,sell,345,put,open,2,12.5,inv_1761116120572_g2w6ecb8i,YES,0.0000
60,2025-08-25,GOOGL,"AMZN Call Credit Spread",1,sell,202.5,put,close,1,1.5,inv_1761116120237_0vs7d8cie,YES,0.0000
60,2025-08-25,GOOGL,"AMZN Call Credit Spread",2,buy,205,put,close,1,2.25,inv_1761116120404_e4g4d90a2,YES,0.0000
61,2025-08-22,AMZN,"GOOGL Put Credit Spread",1,sell,230,call,open,1,5.75,inv_1761116122319_deob2sl4l,YES,0.0000
61,2025-08-22,AMZN,"GOOGL Put Credit Spread",2,buy,232.5,call,open,1,4.6,inv_1761116122488_zhm3f3xpl,YES,0.0000
62,2025-08-22,GOOGL,"GOOGL Put Credit Spread",1,buy,202.5,put,open,1,2.43,inv_1761116122145_uj0l4o2q7,YES,0.0000
62,2025-08-22,GOOGL,"GOOGL Put Credit Spread",2,sell,205,put,open,1,3.38,inv_1761116121976_7mx5ebw02,YES,0.0000
63,2025-08-22,GE,"GE Call Credit Spread",1,buy,275,call,close,1,5.6,inv_1761116121807_qe9rnyrto,YES,0.0000
63,2025-08-22,GE,"GE Call Credit Spread",2,sell,280,call,close,1,3.92,inv_1761116121620_8jmxcxlep,YES,0.0000
64,2025-08-22,GOOGL,"GE Call Credit Spread",1,sell,195,put,close,1,2.43,inv_1761116121447_nb6175d2p,YES,0.0000
64,2025-08-22,GOOGL,"GE Call Credit Spread",2,buy,200,put,close,1,3.95,inv_1761116121277_z813nk131,YES,0.0000
65,2025-08-21,GOOGL,"GOOGL Put Credit Spread",1,buy,195,put,open,1,3.96,inv_1761116122997_hj8btru88,YES,0.0000
65,2025-08-21,GOOGL,"GOOGL Put Credit Spread",2,sell,200,put,open,1,6,inv_1761116123160_0zvvrix17,YES,0.0000
66,2025-08-21,JPM,"GOOGL Put Credit Spread",1,buy,297.5,call,close,1,2.68,inv_1761116122657_8f31y3gt0,YES,0.0000
66,2025-08-21,JPM,"GOOGL Put Credit Spread",2,sell,300,call,close,1,1.88,inv_1761116122826_ytga8strn,YES,0.0000
67,2025-08-20,GE,"GE Call Credit Spread",1,sell,275,call,open,1,6.05,inv_1761116123997_7f9445amw,YES,0.0000
67,2025-08-20,GE,"GE Call Credit Spread",2,buy,280,call,open,1,4.35,inv_1761116124160_wxsrmlrpo,YES,0.0000
68,2025-08-20,JPM,"JPM Call Credit Spread",1,sell,297.5,call,open,1,3.09,inv_1761116123829_b969wk90h,YES,0.0000
68,2025-08-20,JPM,"JPM Call Credit Spread",2,buy,300,call,open,1,2.24,inv_1761116123656_7jvw0b9l7,YES,0.0000
69,2025-08-20,TSLA,"JPM Call Credit Spread",1,buy,385,call,close,1,2.13,inv_1761116123326_ie2okg1wi,YES,0.0000
69,2025-08-20,TSLA,"JPM Call Credit Spread",2,sell,390,call,close,1,1.83,inv_1761116123491_co40hhs90,YES,0.0000
70,2025-08-19,TSLA,"XOM Call Credit Spread",1,sell,385,call,open,1,3.45,inv_1761116125332_f7hhohjjs,YES,0.0000
70,2025-08-19,TSLA,"XOM Call Credit Spread",2,buy,390,call,open,1,3,inv_1761116125500_zi2qux4xn,YES,0.0000
71,2025-08-19,AMZN,"AMZN Call Credit Spread",1,buy,240,call,close,1,0.56,inv_1761116125166_ur7ud9ohb,YES,0.0000
71,2025-08-19,AMZN,"AMZN Call Credit Spread",2,sell,242.5,call,close,1,0.34,inv_1761116124992_p7n5chhl9,YES,0.0000
72,2025-08-19,NVDA,"NVDA Call Credit Spread",1,buy,187.5,call,close,1,0.23,inv_1761116124660_cag4py4kz,YES,0.0000
72,2025-08-19,NVDA,"NVDA Call Credit Spread",2,sell,190,call,close,1,0.1,inv_1761116124826_zii4sfdeg,YES,0.0000
73,2025-08-19,PLTR,"PLTR Call Credit Spread",1,buy,182.5,call,close,1,0.18,inv_1761116124495_h2judgi8y,YES,0.0000
73,2025-08-19,PLTR,"PLTR Call Credit Spread",2,sell,185,call,close,1,0.12,inv_1761116124326_ry7w1daen,YES,0.0000
74,2025-08-18,AMZN,"AMZN Call Credit Spread",1,sell,240,call,open,1,1.01,inv_1761116126683_2qru21ylr,YES,0.0000
74,2025-08-18,AMZN,"AMZN Call Credit Spread",2,buy,242.5,call,open,1,0.64,inv_1761116126864_6hlb2kkky,YES,0.0000
75,2025-08-18,PLTR,"PLTR Call Credit Spread",1,sell,182.5,call,open,1,0.81,inv_1761116126345_bp435jgcy,YES,0.0000
75,2025-08-18,PLTR,"PLTR Call Credit Spread",2,buy,185,call,open,1,0.5,inv_1761116126515_4zse7ur9e,YES,0.0000
76,2025-08-18,XOM,"XOM Call Credit Spread",1,sell,110,call,open,3,0.44,inv_1761116126006_7teocjttr,YES,0.0000
76,2025-08-18,XOM,"XOM Call Credit Spread",2,buy,111,call,open,3,0.29,inv_1761116126177_e6p8epmr2,YES,0.0000
77,2025-08-18,NVDA,"NVDA Call Credit Spread",1,sell,187.5,call,open,1,0.73,inv_1761116125837_gdd1g2f1u,YES,0.0000
77,2025-08-18,NVDA,"NVDA Call Credit Spread",2,buy,190,call,open,1,0.35,inv_1761116125669_9gy6xvdkz,YES,0.0000
78,2025-08-15,ENPH,"ENPH Put Credit Spread",1,sell,30,put,close,1,0.59,inv_1761116128075_yf7pak47g,YES,0.0000
78,2025-08-15,ENPH,"ENPH Put Credit Spread",2,buy,32,put,close,1,1.06,inv_1761116128239_10d6ueafs,YES,0.0000
79,2025-08-15,ENPH,"ENPH Put Credit Spread",1,sell,30,put,close,1,0.79,inv_1761116127910_m3mgvnn2y,YES,0.0000
79,2025-08-15,ENPH,"ENPH Put Credit Spread",2,buy,32,put,close,1,1.26,inv_1761116127739_39bokjcxx,YES,0.0000
80,2025-08-15,TSLA,"TSLA Call Credit Spread",1,buy,330,call,close,1,0.98,inv_1761116127378_phrecsctw,YES,0.0000
80,2025-08-15,TSLA,"TSLA Call Credit Spread",2,sell,335,call,close,1,0.19,inv_1761116127568_zknrvwaqi,YES,0.0000
81,2025-08-15,PLTR,"PLTR Call Credit Spread",1,buy,180,call,close,1,0.54,inv_1761116127210_rf6uqkejl,YES,0.0000
81,2025-08-15,PLTR,"PLTR Call Credit Spread",2,sell,185,call,close,1,0.05,inv_1761116127038_9uu668xjy,YES,0.0000
82,2025-08-07,XOM,"XOM Call Credit Spread",1,buy,112,call,close,1,0.4,inv_1761116129233_6gi05nn52,YES,0.0000
82,2025-08-07,XOM,"XOM Call Credit Spread",2,sell,113,call,close,1,0.28,inv_1761116129070_glqcxpvax,YES,0.0000
83,2025-08-05,PLTR,"PLTR Call Credit Spread",1,sell,180,call,open,1,2.83,inv_1761116130404_7xg1i1nyi,YES,0.0000
83,2025-08-05,PLTR,"PLTR Call Credit Spread",2,buy,185,call,open,1,1.66,inv_1761116130568_yesfoa823,YES,0.0000
84,2025-08-05,TSLA,"TSLA Call Credit Spread",1,sell,330,call,open,1,3.08,inv_1761116130073_8nz1v08sx,YES,0.0000
84,2025-08-05,TSLA,"TSLA Call Credit Spread",2,buy,335,call,open,1,2.23,inv_1761116130240_arrho89mk,YES,0.0000
85,2025-08-05,XOM,"XOM Call Credit Spread",1,sell,112,call,open,1,0.54,inv_1761116130733_0hyt83fjm,YES,0.0000
85,2025-08-05,XOM,"XOM Call Credit Spread",2,buy,113,call,open,1,0.41,inv_1761116130901_0cy6iqnec,YES,0.0000
86,2025-08-05,TSLA,"ENPH Call Credit Spread",1,buy,327.5,call,close,1,0.63,inv_1761116129734_5ue9z0bop,YES,0.0000
86,2025-08-05,TSLA,"ENPH Call Credit Spread",2,sell,330,call,close,1,0.47,inv_1761116129899_5mabelk5p,YES,0.0000
87,2025-08-05,PLTR,"PLTR Call Credit Spread",1,buy,187.5,call,close,1,0.4,inv_1761116129399_lc7zw3mgl,YES,0.0000
87,2025-08-05,PLTR,"PLTR Call Credit Spread",2,sell,190,call,close,1,0.26,inv_1761116129568_ldzpy2fb1,YES,0.0000
88,2025-08-04,PLTR,"PLTR Call Credit Spread",1,sell,187.5,call,open,1,1.38,inv_1761116131411_2q0sqie0j,YES,0.0000
88,2025-08-04,PLTR,"PLTR Call Credit Spread",2,buy,190,call,open,1,1.15,inv_1761116131578_4kmcmde20,YES,0.0000
89,2025-08-04,TSLA,"TSLA Call Credit Spread",1,sell,327.5,call,open,1,1.01,inv_1761116131073_l6m4ur3zq,YES,0.0000
89,2025-08-04,TSLA,"TSLA Call Credit Spread",2,buy,330,call,open,1,0.79,inv_1761116131244_r0fri7mh9,YES,0.0000
90,2025-08-01,PLTR,"PLTR Call Credit Spread",1,buy,185,call,close,1,1.26,inv_1761116131745_015gbni67,YES,0.0000
90,2025-08-01,PLTR,"PLTR Call Credit Spread",2,sell,190,call,close,1,0.86,inv_1761116131912_sq3djs0vh,YES,0.0000
91,2025-07-30,AMZN,"AMZN Call Credit Spread",1,sell,247.5,call,open,1,0.82,inv_1761116134540_v12g0r8jz,YES,0.0000
91,2025-07-30,AMZN,"AMZN Call Credit Spread",2,buy,250,call,open,1,0.54,inv_1761116134711_wpg9y4j80,YES,0.0000
92,2025-07-30,PLTR,"PLTR Call Credit Spread",1,sell,185,call,open,1,1.54,inv_1761116134374_475986eme,YES,0.0000
92,2025-07-30,PLTR,"PLTR Call Credit Spread",2,buy,190,call,open,1,1.04,inv_1761116134202_3py7owm9w,YES,0.0000
93,2025-07-30,AMZN,"AMZN Call Credit Spread",1,buy,247.5,call,close,1,0.79,inv_1761116134029_fwj43k7mq,YES,0.0000
93,2025-07-30,AMZN,"AMZN Call Credit Spread",2,sell,250,call,close,1,0.5,inv_1761116133859_477h4pkf7,YES,0.0000
94,2025-07-30,AMZN,"AMZN Call Credit Spread",1,buy,245,call,close,1,1.2,inv_1761116133521_x2lhwuzq0,YES,0.0000
94,2025-07-30,AMZN,"AMZN Call Credit Spread",2,sell,252.5,call,close,1,0.32,inv_1761116133691_hucfiygfv,YES,0.0000
95,2025-07-29,AMZN,"AMZN Call Credit Spread",1,sell,247.5,call,open,1,0.99,inv_1761116135915_rv2njuh5a,YES,0.0000
95,2025-07-29,AMZN,"AMZN Call Credit Spread",2,buy,250,call,open,1,0.66,inv_1761116136080_3gmntabrh,YES,0.0000
96,2025-07-29,AMZN,"AMZN 2-Option Order",1,sell,245,call,open,1,1.48,inv_1761116135584_jssosqi3o,YES,0.0000
96,2025-07-29,AMZN,"AMZN 2-Option Order",2,buy,247.5,call,close,1,1.03,inv_1761116135751_xagu8x9qu,YES,0.0000
97,2025-07-29,AMZN,"AMZN 2-Option Order",1,sell,247.5,call,open,1,1,inv_1761116135227_ktt8y6nr9,YES,0.0000
97,2025-07-29,AMZN,"AMZN 2-Option Order",2,buy,250,call,close,1,0.67,inv_1761116135422_fx69jyx3x,YES,0.0000
98,2025-07-29,AMZN,"AMZN Call Credit Spread",1,sell,250,call,open,1,0.66,inv_1761116134881_gdlup1es7,YES,0.0000
98,2025-07-29,AMZN,"AMZN Call Credit Spread",2,buy,252.5,call,open,1,0.43,inv_1761116135050_9hgop982c,YES,0.0000
99,2025-07-28,ENPH,"AMZN Call Credit Spread",1,buy,30,put,open,2,0.85,inv_1761116136753_1efpua3b7,YES,0.0000
99,2025-07-28,ENPH,"AMZN Call Credit Spread",2,sell,32,put,open,2,1.35,inv_1761116136587_8lb2g3u47,YES,0.0000
100,2025-07-28,GOOGL,"GOOGL Call Credit Spread",1,buy,195,call,close,1,3.4,inv_1761116136252_0bkfa43om,YES,0.0000
100,2025-07-28,GOOGL,"GOOGL Call Credit Spread",2,sell,200,call,close,1,1.81,inv_1761116136423_mrt4on6kb,YES,0.0000
101,2025-07-25,NVDA,"Sell NVDA $175 Call 7/25",1,buy,180,call,close,1,2.58,inv_1761116137262_0rbaqzgm4,YES,0.0000
101,2025-07-25,NVDA,"Sell NVDA $175 Call 7/25",2,sell,185,call,close,1,1.33,inv_1761116137426_klvmz7a18,YES,0.0000
101,2025-07-25,NVDA,"Sell NVDA $175 Call 7/25",3,sell,150,put,close,1,0.47,inv_1761116137770_niojcu5nc,YES,0.0000
101,2025-07-25,NVDA,"Sell NVDA $175 Call 7/25",4,buy,155,put,close,1,0.71,inv_1761116137604_ipl37pow6,YES,0.0000
102,2025-07-25,RBLX,"RBLX Put Credit Spread",1,sell,105,put,close,1,2.74,inv_1761116136922_b5d66n4mf,YES,0.0000
102,2025-07-25,RBLX,"RBLX Put Credit Spread",2,buy,110,put,close,1,4.11,inv_1761116137093_bx7blct2d,YES,0.0000
103,2025-07-24,PLTR,"NVDA Short Iron Condor",1,sell,165,call,open,1,6.6,inv_1761116138815_jqq5ljk3d,YES,0.0000
103,2025-07-24,PLTR,"NVDA Short Iron Condor",2,buy,170,call,open,1,5.16,inv_1761116139030_0qn9x3c1f,YES,0.0000
104,2025-07-24,NVDA,"NVDA Short Iron Condor",1,sell,180,call,open,1,2.66,inv_1761116138451_c3iuicydq,YES,0.0000
104,2025-07-24,NVDA,"NVDA Short Iron Condor",2,buy,185,call,open,1,1.44,inv_1761116138619_bhswetkh0,YES,0.0000
104,2025-07-24,NVDA,"NVDA Short Iron Condor",3,buy,150,put,open,1,0.59,inv_1761116138281_qwuvrhv3d,YES,0.0000
104,2025-07-24,NVDA,"NVDA Short Iron Condor",4,sell,155,put,open,1,0.88,inv_1761116138114_mglx5uo2o,YES,0.0000
105,2025-07-23,NVDA,"NVDA Put Credit Spread",1,sell,160,put,close,1,2.85,inv_1761116139365_j03gvj60h,YES,0.0000
105,2025-07-23,NVDA,"NVDA Put Credit Spread",2,buy,165,put,close,1,4.35,inv_1761116139536_crmpf1c2y,YES,0.0000
106,2025-07-22,NVDA,"NVDA Put Credit Spread",1,buy,160,put,open,1,3.58,inv_1761116141237_dxawklwry,YES,0.0000
106,2025-07-22,NVDA,"NVDA Put Credit Spread",2,sell,165,put,open,1,5.28,inv_1761116141060_x0hxvdo68,YES,0.0000
107,2025-07-22,RBLX,"RBLX Put Credit Spread",1,buy,105,put,open,1,3.38,inv_1761116140893_ju9ip0bhc,YES,0.0000
107,2025-07-22,RBLX,"RBLX Put Credit Spread",2,sell,110,put,open,1,4.85,inv_1761116140723_f35uw83z4,YES,0.0000
108,2025-07-22,AMD,"AMD Call Credit Spread",1,buy,160,call,close,2,5.71,inv_1761116140555_syqvrqgob,YES,0.0000
108,2025-07-22,AMD,"AMD Call Credit Spread",2,sell,165,call,close,2,4.11,inv_1761116140385_39bvg3cnv,YES,0.0000
109,2025-07-22,COIN,"COIN Short Iron Condor",1,buy,420,call,close,1,24.35,inv_1761116140218_2czvnjm6q,YES,0.0000
109,2025-07-22,COIN,"COIN Short Iron Condor",2,sell,430,call,close,1,20.7,inv_1761116139871_olejszif9,YES,0.0000
109,2025-07-22,COIN,"COIN Short Iron Condor",3,sell,350,put,close,1,7.25,inv_1761116140045_oxmratoc5,YES,0.0000
109,2025-07-22,COIN,"COIN Short Iron Condor",4,buy,360,put,close,1,9.5,inv_1761116139701_3f3papg1m,YES,0.0000
110,2025-07-21,GOOGL,"GOOGL Call Credit Spread",1,sell,195,call,open,1,5.22,inv_1761116141746_513r685zc,YES,0.0000
110,2025-07-21,GOOGL,"GOOGL Call Credit Spread",2,buy,200,call,open,1,3.59,inv_1761116141915_ch43qr8vq,YES,0.0000
111,2025-07-21,AMD,"COIN Short Iron Condor",1,sell,145,put,close,1,3.2,inv_1761116141575_7q7p663mn,YES,0.0000
111,2025-07-21,AMD,"COIN Short Iron Condor",2,buy,150,put,close,1,4.7,inv_1761116141405_5nkzicbag,YES,0.0000
112,2025-07-18,AMD,"COIN Short Iron Condor",1,buy,145,put,open,1,3.63,inv_1761116142079_6bdbmdrqm,YES,0.0000
112,2025-07-18,AMD,"COIN Short Iron Condor",2,sell,150,put,open,1,5.23,inv_1761116142247_u8ed2johe,YES,0.0000
113,2025-07-17,PLTR,"AMD Put Credit Spread",1,sell,135,put,close,1,3.97,inv_1761116143104_m9g9fmxq6,YES,0.0000
113,2025-07-17,PLTR,"AMD Put Credit Spread",2,buy,140,put,close,1,5.35,inv_1761116143275_re9xy10jc,YES,0.0000
114,2025-07-17,PLTR,"PLTR Put Credit Spread",1,buy,135,put,open,1,4.34,inv_1761116142933_8s02uztn9,YES,0.0000
114,2025-07-17,PLTR,"PLTR Put Credit Spread",2,sell,140,put,open,1,5.82,inv_1761116142764_0te9g5trj,YES,0.0000
115,2025-07-17,TSLA,"COIN Short Iron Condor",1,sell,310,put,close,1,12.96,inv_1761116142412_lpp2i449l,YES,0.0000
115,2025-07-17,TSLA,"COIN Short Iron Condor",2,buy,315,put,close,1,15.14,inv_1761116142597_z3r1swio4,YES,0.0000
116,2025-07-16,AMD,"AMD Call Credit Spread",1,sell,160,call,open,2,7.05,inv_1761116145280_1pcwp2nly,YES,0.0000
116,2025-07-16,AMD,"AMD Call Credit Spread",2,buy,165,call,open,2,5.35,inv_1761116145110_z313b0my7,YES,0.0000
117,2025-07-16,TSLA,"AMD Call Credit Spread",1,buy,310,put,open,1,15.4,inv_1761116144944_zncoymrxf,YES,0.0000
117,2025-07-16,TSLA,"AMD Call Credit Spread",2,sell,315,put,open,1,17.73,inv_1761116144775_h8pi4ure7,YES,0.0000
118,2025-07-16,COIN,"COIN Short Iron Condor",1,sell,420,call,open,1,22.61,inv_1761116144109_0hbjwyvx8,YES,0.0000
118,2025-07-16,COIN,"COIN Short Iron Condor",2,buy,430,call,open,1,19.72,inv_1761116144276_t6t8rulg9,YES,0.0000
118,2025-07-16,COIN,"COIN Short Iron Condor",3,buy,350,put,open,1,10.5,inv_1761116144608_q4mw9sfrd,YES,0.0000
118,2025-07-16,COIN,"COIN Short Iron Condor",4,sell,360,put,open,1,13.65,inv_1761116144441_vio7tgkhu,YES,0.0000
119,2025-07-16,AMD,"AMD Put Credit Spread",1,sell,140,put,close,2,2.95,inv_1761116143772_wofhspwxr,YES,0.0000
119,2025-07-16,AMD,"AMD Put Credit Spread",2,buy,145,put,close,2,4.35,inv_1761116143939_3bgkgnrjx,YES,0.0000
120,2025-07-16,TSLA,"TSLA Put Credit Spread",1,sell,280,put,close,2,5.89,inv_1761116143444_sz1fyerid,YES,0.0000
120,2025-07-16,TSLA,"TSLA Put Credit Spread",2,buy,285,put,close,2,7.07,inv_1761116143608_s0edyrl1j,YES,0.0000
121,2025-07-15,AMD,"AMD Put Credit Spread",1,buy,140,put,open,2,3.12,inv_1761116146633_g5u0gjmg1,YES,0.0000
121,2025-07-15,AMD,"AMD Put Credit Spread",2,sell,145,put,open,2,4.57,inv_1761116146463_tse7gpp4i,YES,0.0000
122,2025-07-15,TSLA,"TSLA Put Credit Spread",1,buy,280,put,open,2,6.6,inv_1761116146128_0ack4o97c,YES,0.0000
122,2025-07-15,TSLA,"TSLA Put Credit Spread",2,sell,285,put,open,2,7.86,inv_1761116146296_9hmjoyqgx,YES,0.0000
123,2025-07-15,COIN,"TSLA Put Credit Spread",1,sell,350,put,close,1,10.27,inv_1761116145957_wby1bnoxk,YES,0.0000
123,2025-07-15,COIN,"TSLA Put Credit Spread",2,buy,360,put,close,1,13.45,inv_1761116145791_w5swxb2z7,YES,0.0000
124,2025-07-15,PLTR,"PLTR Put Credit Spread",1,sell,135,put,close,2,5.28,inv_1761116145450_k8x7drh4j,YES,0.0000
124,2025-07-15,PLTR,"PLTR Put Credit Spread",2,buy,140,put,close,2,7.06,inv_1761116145619_rhi88n1mk,YES,0.0000
125,2025-07-14,COIN,"COIN Put Credit Spread",1,buy,350,put,open,1,11.35,inv_1761116147649_urqycaoov,YES,0.0000
125,2025-07-14,COIN,"COIN Put Credit Spread",2,sell,360,put,open,1,14.6,inv_1761116147481_2468ghmmi,YES,0.0000
126,2025-07-14,PLTR,"PLTR Put Credit Spread",1,buy,135,put,open,2,6.52,inv_1761116147312_9md8f77zu,YES,0.0000
126,2025-07-14,PLTR,"PLTR Put Credit Spread",2,sell,140,put,open,2,8.49,inv_1761116147142_uokp1sxde,YES,0.0000
127,2025-07-14,AMD,"AMD Call Credit Spread",1,buy,160,call,close,2,3.55,inv_1761116146971_8gzv01ti1,YES,0.0000
127,2025-07-14,AMD,"AMD Call Credit Spread",2,sell,165,call,close,2,2.59,inv_1761116146803_nr7h37afl,YES,0.0000
128,2025-07-11,TSLA,"AMD Call Credit Spread",1,sell,295,put,close,2,12.05,inv_1761116148990_feho8w9ha,YES,0.0000
128,2025-07-11,TSLA,"AMD Call Credit Spread",2,buy,300,put,close,2,14.05,inv_1761116148825_ahthq8743,YES,0.0000
129,2025-07-11,TSLA,"TSLA Put Credit Spread",1,buy,295,put,open,2,13.57,inv_1761116148482_xkh0k304h,YES,0.0000
129,2025-07-11,TSLA,"TSLA Put Credit Spread",2,sell,300,put,open,2,15.74,inv_1761116148653_t9nbabwcn,YES,0.0000
130,2025-07-11,AMD,"AMD Call Credit Spread",1,sell,160,call,open,2,3.85,inv_1761116148313_jusr704f8,YES,0.0000
130,2025-07-11,AMD,"AMD Call Credit Spread",2,buy,165,call,open,2,2.86,inv_1761116148146_44jfdjmu5,YES,0.0000
131,2025-07-11,NVDA,"AMD Call Credit Spread",1,sell,155,put,close,2,3.17,inv_1761116147812_1rsh0j2ia,YES,0.0000
131,2025-07-11,NVDA,"AMD Call Credit Spread",2,buy,160,put,close,2,4.58,inv_1761116147982_bscpe5gmy,YES,0.0000
132,2025-07-10,TSLA,"TSLA Put Credit Spread",1,sell,275,put,close,2,7.15,inv_1761116151727_y0mrbzlow,YES,0.0000
132,2025-07-10,TSLA,"TSLA Put Credit Spread",2,buy,280,put,close,2,8.5,inv_1761116151897_zdukr6x9r,YES,0.0000
133,2025-07-10,NVDA,"NVDA Put Credit Spread",1,buy,155,put,open,2,3.75,inv_1761116151561_mklocpqo0,YES,0.0000
133,2025-07-10,NVDA,"NVDA Put Credit Spread",2,sell,160,put,open,2,5.32,inv_1761116151354_2z5nkuyt0,YES,0.0000
134,2025-07-10,TSLA,"TSLA Put Credit Spread",1,buy,275,put,open,2,8.59,inv_1761116149994_1isiej2mn,YES,0.0000
134,2025-07-10,TSLA,"TSLA Put Credit Spread",2,sell,280,put,open,2,10.15,inv_1761116149830_newqxw1ro,YES,0.0000
135,2025-07-10,TSLA,"TSLA Put Credit Spread",1,sell,275,put,close,2,8.2,inv_1761116149662_8i3qw9ou2,YES,0.0000
135,2025-07-10,TSLA,"TSLA Put Credit Spread",2,buy,280,put,close,2,9.7,inv_1761116149492_pd8dt4oel,YES,0.0000
136,2025-07-10,AMD,"AMD Put Credit Spread",1,sell,125,put,close,1,2.05,inv_1761116149324_t2pk2kpp7,YES,0.0000
136,2025-07-10,AMD,"AMD Put Credit Spread",2,buy,130,put,close,1,3.16,inv_1761116149155_yqzcrb9qj,YES,0.0000
137,2025-07-09,AAPL,"AMD Put Credit Spread",1,sell,200,put,close,1,3.73,inv_1761116152402_t9julg6h5,YES,0.0000
137,2025-07-09,AAPL,"AMD Put Credit Spread",2,buy,205,put,close,1,5.35,inv_1761116152570_nldd43ise,YES,0.0000
138,2025-07-09,AAPL,"AAPL Put Credit Spread",1,buy,200,put,open,1,4.42,inv_1761116152064_ind126blt,YES,0.0000
138,2025-07-09,AAPL,"AAPL Put Credit Spread",2,sell,205,put,open,1,6.22,inv_1761116152233_nesbp149e,YES,0.0000
139,2025-07-08,AMD,"AMD Put Credit Spread",1,buy,125,put,open,1,2.95,inv_1761116153763_57iz3jywu,YES,0.0000
139,2025-07-08,AMD,"AMD Put Credit Spread",2,sell,130,put,open,1,4.42,inv_1761116153933_hcn7ad9l3,YES,0.0000
140,2025-07-08,TSLA,"AMD Put Credit Spread",1,buy,275,put,open,2,10.51,inv_1761116153594_hn6wiq4zu,YES,0.0000
140,2025-07-08,TSLA,"AMD Put Credit Spread",2,sell,280,put,open,2,12.19,inv_1761116153422_pe7lim9f4,YES,0.0000
141,2025-07-08,NVDA,"NVDA Put Credit Spread",1,sell,145,put,close,2,2.43,inv_1761116153250_zzb1i62s5,YES,0.0000
141,2025-07-08,NVDA,"NVDA Put Credit Spread",2,buy,150,put,close,2,3.56,inv_1761116153084_q8qusqagt,YES,0.0000
142,2025-07-08,JNJ,"NVDA Put Credit Spread",1,sell,145,put,close,1,0.33,inv_1761116152739_9yxgp1zhf,YES,0.0000
142,2025-07-08,JNJ,"NVDA Put Credit Spread",2,buy,150,put,close,1,0.8,inv_1761116152911_tl52zje02,YES,0.0000
143,2025-07-07,NVDA,"NVDA Put Credit Spread",1,buy,145,put,open,2,2.88,inv_1761116154945_bza1px2ix,YES,0.0000
143,2025-07-07,NVDA,"NVDA Put Credit Spread",2,sell,150,put,open,2,4.11,inv_1761116154775_4qfbpqxw4,YES,0.0000
144,2025-07-07,AAPL,"NVDA Put Credit Spread",1,buy,220,call,close,2,1.74,inv_1761116154607_znz5c05u0,YES,0.0000
144,2025-07-07,AAPL,"NVDA Put Credit Spread",2,sell,225,call,close,2,0.8,inv_1761116154440_4w8r14edp,YES,0.0000
144,2025-07-07,AAPL,"NVDA Put Credit Spread",3,sell,195,put,close,2,0.6,inv_1761116154270_bvh5x8hwv,YES,0.0000
144,2025-07-07,AAPL,"NVDA Put Credit Spread",4,buy,200,put,close,2,1.08,inv_1761116154103_gx0sgd0i1,YES,0.0000
145,2025-07-01,JNJ,"AAPL Short Iron Condor",1,buy,145,put,open,1,0.41,inv_1761116156138_cxjebs094,YES,0.0000
145,2025-07-01,JNJ,"AAPL Short Iron Condor",2,sell,150,put,open,1,0.89,inv_1761116156304_4j22i3d9s,YES,0.0000
146,2025-07-01,AAPL,"JNJ Put Credit Spread",1,sell,220,call,open,2,1.32,inv_1761116155794_rq5up8w7j,YES,0.0000
146,2025-07-01,AAPL,"JNJ Put Credit Spread",2,buy,225,call,open,2,0.69,inv_1761116155970_p684cky96,YES,0.0000
146,2025-07-01,AAPL,"JNJ Put Credit Spread",3,buy,195,put,open,2,1.37,inv_1761116155619_1zy1kg2li,YES,0.0000
146,2025-07-01,AAPL,"JNJ Put Credit Spread",4,sell,200,put,open,2,2.36,inv_1761116155450_i12pa47d6,YES,0.0000
147,2025-07-01,XOM,"XOM Put Credit Spread",1,sell,105,put,close,1,0.04,inv_1761116155119_i8kwc0qoi,YES,0.0000
147,2025-07-01,XOM,"XOM Put Credit Spread",2,buy,110,put,close,1,1.84,inv_1761116155285_jxr98hhms,YES,0.0000
148,2025-06-30,AAPL,"XOM Put Credit Spread",1,sell,195,put,close,2,0.31,inv_1761116157693_vlpvhszfm,YES,0.0000
148,2025-06-30,AAPL,"XOM Put Credit Spread",2,buy,200,put,close,2,1.31,inv_1761116157497_d0x5xkhpe,YES,0.0000
149,2025-06-30,XOM,"XOM Put Credit Spread",1,buy,105,put,open,1,0.08,inv_1761116157322_ys9ilzahy,YES,0.0000
149,2025-06-30,XOM,"XOM Put Credit Spread",2,sell,110,put,open,1,2.1,inv_1761116157154_ucuau4v7w,YES,0.0000
150,2025-06-30,AAPL,"AAPL Put Credit Spread",1,buy,195,put,open,2,0.45,inv_1761116156815_qat6lhl1g,YES,0.0000
150,2025-06-30,AAPL,"AAPL Put Credit Spread",2,sell,200,put,open,2,1.86,inv_1761116156985_ksztnd3b,YES,0.0000
151,2025-06-30,NVDA,"NVDA Put Credit Spread",1,sell,148,put,close,3,2.22,inv_1761116156475_m7lp6jqz0,YES,0.0000
151,2025-06-30,NVDA,"NVDA Put Credit Spread",2,buy,152.5,put,close,3,3.37,inv_1761116156645_77uncd591,YES,0.0000
152,2025-06-27,NVDA,"NVDA Put Credit Spread",1,buy,148,put,open,3,2.56,inv_1761116158363_pcnzb41ik,YES,0.0000
152,2025-06-27,NVDA,"NVDA Put Credit Spread",2,sell,152.5,put,open,3,3.81,inv_1761116158536_1fk80i5to,YES,0.0000
153,2025-06-27,AMD,"AMD Put Credit Spread",1,sell,135,put,close,2,0.28,inv_1761116158027_0eoh86dtf,YES,0.0000
153,2025-06-27,AMD,"AMD Put Credit Spread",2,buy,140,put,close,2,0.83,inv_1761116157861_85rrio0af,YES,0.0000
154,2025-06-26,AMD,"AMD Put Credit Spread",1,buy,135,put,open,2,0.57,inv_1761116159046_csilyqkq5,YES,0.0000
154,2025-06-26,AMD,"AMD Put Credit Spread",2,sell,140,put,open,2,1.55,inv_1761116159211_mlfkzoe1v,YES,0.0000
155,2025-06-26,NVDA,"AMD Put Credit Spread",1,sell,150,call,close,1,10,inv_1761116158878_5l8mt61wk,YES,0.0000
155,2025-06-26,NVDA,"AMD Put Credit Spread",2,buy,175,call,close,1,0.97,inv_1761116158706_fm5cveq7j,YES,0.0000
156,2025-06-25,NVDA,"NVDA Call Debit Spread",1,buy,150,call,open,1,7.3,inv_1761116160892_uq8otrbza,YES,0.0000
156,2025-06-25,NVDA,"NVDA Call Debit Spread",2,sell,175,call,open,1,0.56,inv_1761116161059_xsx22budr,YES,0.0000
157,2025-06-25,NVDA,"NVDA Call Debit Spread",1,sell,150,call,close,2,2.74,inv_1761116160724_jtvmkiicr,YES,0.0000
157,2025-06-25,NVDA,"NVDA Call Debit Spread",2,buy,160,call,close,2,0.11,inv_1761116160550_x6ook0n3j,YES,0.0000
158,2025-06-25,NVDA,"NVDA Call Debit Spread",1,sell,150,call,close,1,2.68,inv_1761116160214_kdpj4o5o7,YES,0.0000
158,2025-06-25,NVDA,"NVDA Call Debit Spread",2,buy,160,call,close,1,0.11,inv_1761116160383_8bez104m2,YES,0.0000
159,2025-06-25,NVDA,"NVDA Call Debit Spread",1,buy,150,call,open,3,2.52,inv_1761116159877_tdtcalyvk,YES,0.0000
159,2025-06-25,NVDA,"NVDA Call Debit Spread",2,sell,160,call,open,3,0.1,inv_1761116160042_has4vkupy,YES,0.0000
160,2025-06-25,AMD,"NVDA Call Debit Spread",1,sell,130,call,close,1,14.9,inv_1761116159709_3jefict5o,YES,0.0000
160,2025-06-25,AMD,"NVDA Call Debit Spread",2,buy,140,call,close,1,7.9,inv_1761116159547_i9miu4o8f,YES,0.0000
161,2025-06-20,AMD,"AMD Call Debit Spread",1,buy,130,call,open,1,5.67,inv_1761116161226_8flgl6n5m,YES,0.0000
161,2025-06-20,AMD,"AMD Call Debit Spread",2,sell,140,call,open,1,2.21,inv_1761116161394_9p3lefyre,YES,0.0000
NON_OPT,2025-07-28,N/A,"ACH DEPOSIT",N/A,cash,N/A,deposit,N/A,N/A,N/A,inv_1761116266435_mhwlmg9yd,PLAID_ONLY,0.0000
NON_OPT,2025-08-02,N/A,"transfer - expiration of 1 AMZN call with strike of $250.00",N/A,transfer,N/A,transfer,N/A,-1,N/A,inv_1761116133346_e17i1cpnk,PLAID_ONLY,0.0000
NON_OPT,2025-08-02,N/A,"transfer - expiration of 1 AMZN call with strike of $247.50",N/A,transfer,N/A,transfer,N/A,1,N/A,inv_1761116133174_duyuail0y,PLAID_ONLY,0.0000
NON_OPT,2025-08-16,N/A,"buy - buy 100.000 shares of Palantir Technologies for $17000.00 due to exercise of 1 PLTR call with strike of $170.00",N/A,buy,N/A,buy,N/A,100,170,inv_1761116128402_0tscqeq8p,PLAID_ONLY,0.0000
NON_OPT,2025-08-16,N/A,"transfer - assignment of 1 PLTR call with strike of $165.00",N/A,transfer,N/A,assignment,N/A,1,N/A,inv_1761116128904_v565ajc8g,PLAID_ONLY,0.0000
NON_OPT,2025-08-16,N/A,"buy - sell 100.000 shares of Palantir Technologies for $16500.00 due to assignment of 1 PLTR call with strike of $165.00",N/A,buy,N/A,assignment,N/A,100,165,inv_1761116128735_q56lxjsac,PLAID_ONLY,0.0000
NON_OPT,2025-08-16,N/A,"transfer - exercise of 1 PLTR call with strike of $170.00",N/A,transfer,N/A,exercise,N/A,-1,N/A,inv_1761116128569_dbv1p7qsu,PLAID_ONLY,0.0000
NON_OPT,2025-08-30,N/A,"transfer - exercise of 3 XOM calls with strike of $111.00",N/A,transfer,N/A,exercise,N/A,-3,N/A,inv_1761116117312_q05n63c7s,PLAID_ONLY,0.0000
NON_OPT,2025-08-30,N/A,"buy - buy 300.000 shares of Exxon Mobil for $33300.00 due to exercise of 3 XOM calls with strike of $111.00",N/A,buy,N/A,buy,N/A,300,111,inv_1761116117146_tfr5dl6ok,PLAID_ONLY,0.0000
NON_OPT,2025-08-30,N/A,"transfer - assignment of 3 XOM calls with strike of $110.00",N/A,transfer,N/A,assignment,N/A,3,N/A,inv_1761116116979_neupyau4k,PLAID_ONLY,0.0000
NON_OPT,2025-08-30,N/A,"buy - sell 300.000 shares of Exxon Mobil for $33000.00 due to assignment of 3 XOM calls with strike of $110.00",N/A,buy,N/A,assignment,N/A,300,110,inv_1761116116813_xws2s9mek,PLAID_ONLY,0.0000
NON_OPT,2025-09-27,N/A,"transfer - exercise of 1 JPM call with strike of $300.00",N/A,transfer,N/A,exercise,N/A,-1,N/A,inv_1761116103994_sjnf2oj7b,PLAID_ONLY,0.0000
NON_OPT,2025-09-27,N/A,"buy - buy 100.000 shares of JPMorgan Chase for $30000.00 due to exercise of 1 JPM call with strike of $300.00",N/A,buy,N/A,buy,N/A,100,300,inv_1761116103823_adnf9mebn,PLAID_ONLY,0.0000
NON_OPT,2025-09-27,N/A,"transfer - assignment of 1 JPM call with strike of $297.50",N/A,transfer,N/A,assignment,N/A,1,N/A,inv_1761116103653_5l28mgt8l,PLAID_ONLY,0.0000
NON_OPT,2025-09-27,N/A,"buy - sell 100.000 shares of JPMorgan Chase for $29750.00 due to assignment of 1 JPM call with strike of $297.50",N/A,buy,N/A,assignment,N/A,100,297.5,inv_1761116103483_3un49z3u5,PLAID_ONLY,0.0000
NON_OPT,2025-10-11,N/A,"buy - buy 100.000 shares of AMD for $15500.00 due to exercise of 1 AMD call with strike of $155.00",N/A,buy,N/A,buy,N/A,100,155,inv_1761116098719_5wqj5m12m,PLAID_ONLY,0.0000
NON_OPT,2025-10-11,N/A,"transfer - assignment of 1 AMD call with strike of $152.50",N/A,transfer,N/A,assignment,N/A,1,N/A,inv_1761116098552_280rs8ul1,PLAID_ONLY,0.0000
NON_OPT,2025-10-11,N/A,"transfer - exercise of 1 AMD call with strike of $155.00",N/A,transfer,N/A,exercise,N/A,-1,N/A,inv_1761116098885_4913qhz3y,PLAID_ONLY,0.0000
NON_OPT,2025-10-11,N/A,"buy - sell 100.000 shares of AMD for $15250.00 due to assignment of 1 AMD call with strike of $152.50",N/A,buy,N/A,assignment,N/A,100,152.5,inv_1761116098385_t9z2dwonc,PLAID_ONLY,0.0000
NON_OPT,2025-10-18,N/A,"transfer - exercise of 1 WMT call with strike of $100.00",N/A,transfer,N/A,exercise,N/A,-1,N/A,inv_1761116097866_akksps0gm,PLAID_ONLY,0.0000
NON_OPT,2025-10-18,N/A,"transfer - assignment of 1 WMT call with strike of $97.50",N/A,transfer,N/A,assignment,N/A,1,N/A,inv_1761116097512_8w32a9zeh,PLAID_ONLY,0.0000
NON_OPT,2025-10-18,N/A,"buy - buy 100.000 shares of Walmart for $10000.00 due to exercise of 1 WMT call with strike of $100.00",N/A,buy,N/A,buy,N/A,100,100,inv_1761116097680_egvs4cn3g,PLAID_ONLY,0.0000
NON_OPT,2025-10-18,N/A,"buy - sell 100.000 shares of Walmart for $9750.00 due to assignment of 1 WMT call with strike of $97.50",N/A,buy,N/A,assignment,N/A,100,97.5,inv_1761116097344_xxpzkoq59,PLAID_ONLY,0.0000